image_url,bytes,pages,occurrences,classes,example_page
https://cdn.prod.website-files.com/67dbf17ba540975b5b21c233/6a876afdaf2e45880351be10_webflow%252Fthumb-images%252F2026%252F08%252Fericka-jane-syd-for-solen-2026-anmeldelse-thumb-2400w-1grdaa.webp,1631816,236,242,desktop_thumb;home__podcast-item__img;post_small__thumb festival;paralax-image-2;desktop_thumbnails,https://www.aproposmagazine.com/
https://cdn.prod.website-files.com/67dbf17ba540975b5b21c180/67ed19b047d73997242e9f86_05AproposMagazine_Random.webp,538438,445,826,subrcribe-image;audio-player__artwork,https://www.aproposmagazine.com/
https://cdn.prod.website-files.com/67dbf17ba540975b5b21c233/6a876416a92d187e3ebe852c_webflow%252Fthumb-images%252F2026%252F08%252Ftorsdag-syd-for-solen-2026-thumb-2400w-1fblot.webp,896780,236,242,desktop_thumb;paralax-image-2;hero__bg-img;desktop_thumbnails,https://www.aproposmagazine.com/
https://cdn.prod.website-files.com/67dbf17ba540975b5b21c233/6a8764267c6051adeb1e36e8_webflow%252Fthumb-images%252F2026%252F08%252Fsombr-syd-for-solen-2026-anmeldelse-thumb-2400w-1kndo6.webp,593848,236,242,paralax-image;desktop_thumb;post_small__thumb festival;paralax-image-2;desktop_thumbnails,https://www.aproposmagazine.com/
https://cdn.prod.website-files.com/67dbf17ba540975b5b21c233/6a68af2fa19e4e7c4a1d50db_webflow%252Fthumb-images%252F2026%252F07%252Fspider-man-a-brand-new-day-anmeldelse-thumb-2400w-svakbg.webp,517894,93,95,post_medium__thumb;desktop_thumb;paralax-image-2;desktop_thumbnails,https://www.aproposmagazine.com/
https://cdn.prod.website-files.com/67dbf17ba540975b5b21c233/6a86db750c1b155bc109b113_webflow%252Fthumb-images%252F2026%252F08%252Fkurt-vile-the-violators-i-vega-slackerens-storhedstid-thumb-2400w-tfz1hj.webp,533872,80,84,post_small__thumb festival;desktop_thumb;paralax-image-2;desktop_thumbnails,https://www.aproposmagazine.com/
https://cdn.prod.website-files.com/67dbf17ba540975b5b21c233/6a4520d0417c61ccb614f50c_webflow%252Fthumb-images%252F2026%252F07%252Fturboweekend-tinderbox-2026-thumb-2400w-19nwvj.webp,2943352,14,14,paralax-image-2;desktop_thumbnails,https://www.aproposmagazine.com/articles/turboweekend-tinderbox-2026
https://cdn.prod.website-files.com/67dbf17ba540975b5b21c233/6a835cf5cce3e4fff3e6d2cc_webflow%252Fthumb-images%252F2026%252F08%252Flordag-pa-syd-for-solen-2026-fem-oplevelser-i-stovet-thumb-2400w-msa2tu.webp,1961042,16,16,desktop_thumbnails;paralax-image-2,https://www.aproposmagazine.com/
https://cdn.prod.website-files.com/67dbf17ba540975b5b21c233/6a734b53bd5e1f0b1989504f_webflow%252Fthumb-images%252F2026%252F08%252Fmusik-i-gentofte-2026-sol-sang-og-et-par-streger-i-regningen-thumb-2400w-uwgibm.webp,2597054,12,12,paralax-image-2;desktop_thumbnails,https://www.aproposmagazine.com/articles/musik-i-gentofte-2026-sol-sang-og-et-par-streger-i-regningen
https://cdn.prod.website-files.com/67dbf17ba540975b5b21c233/6a4522ad417c61ccb6164c7c_webflow%252Fthumb-images%252F2026%252F07%252Fwhite-lies-tinderbox-2026-thumb-2400w-194jxn.webp,2214460,14,15,paralax-image-2;hero__bg-img;desktop_thumbnails,https://www.aproposmagazine.com/articles/white-lies-tinderbox-2026
https://cdn.prod.website-files.com/67dbf17ba540975b5b21c233/6a451c342bca1eff803ab854_webflow%252Fthumb-images%252F2026%252F07%252Fjess-glynne-tinderbox-thumb-2400w-l1h1io.webp,1954562,14,14,paralax-image-2;desktop_thumbnails,https://www.aproposmagazine.com/articles/jess-glynne-tinderbox
https://cdn.prod.website-files.com/67dbf17ba540975b5b21c233/6a43d98bd04af008c201f781_webflow%252Fthumb-images%252F2026%252F06%252Fscooter-festegnen-2026-thumb-2400w-2l67he.webp,1537098,16,16,paralax-image-2;desktop_thumbnails,https://www.aproposmagazine.com/articles/scooter-festegnen-2026
https://cdn.prod.website-files.com/67dbf17ba540975b5b21c233/6a761d2c3b4dc6c9facaa6c3_webflow%252Fthumb-images%252F2026%252F08%252Fdisclosure-o-days-2026-anmeldelse-thumb-2400w-1a2f9k.webp,1306796,14,14,paralax-image-2;desktop_thumbnails,https://www.aproposmagazine.com/articles/disclosure-o-days-2026-anmeldelse
https://cdn.prod.website-files.com/67dbf17ba540975b5b21c233/6a43c211778df3e59b8e8a97_webflow%252Fthumb-images%252F2026%252F06%252Ffestegnen-rodovre-thumb-2400w-10zlci.webp,1198318,14,14,paralax-image-2;desktop_thumbnails,https://www.aproposmagazine.com/articles/festegnen-rodovre
https://cdn.prod.website-files.com/67dbf17ba540975b5b21c233/6a876a37dc35b22574a8aa54_webflow%252Fthumb-images%252F2026%252F08%252Fp3-dragbingo-syd-for-solen-2026-thumb-2400w-1vpryr.webp,1161008,14,14,paralax-image-2;desktop_thumbnails;desktop_thumb,https://www.aproposmagazine.com/articles/p3-dragbingo-syd-for-solen-2026
https://cdn.prod.website-files.com/67dbf17ba540975b5b21c233/6a70a44f0284188ec5482626_webflow%252Fthumb-images%252F2026%252F08%252Ftripolism-o-days-2026-anmeldelse-thumb-2400w-lqqvo1.webp,1096786,14,14,paralax-image-2;desktop_thumbnails,https://www.aproposmagazine.com/articles/tripolism-o-days-2026-anmeldelse
https://cdn.prod.website-files.com/67dbf17ba540975b5b21c233/6a43dade0e4f875ad7012565_webflow%252Fthumb-images%252F2026%252F06%252Fjohn-martin-festegnen-thumb-2400w-y9g8rj.webp,836062,14,16,paralax-image-2;hero__bg-img;desktop_thumbnails,https://www.aproposmagazine.com/articles/john-martin-festegnen
https://cdn.prod.website-files.com/67dbf17ba540975b5b21c233/6a29664a450a7b18e2684136_webflow%252Fthumb-images%252F2026%252F06%252Fjustice-o-days-festival-total-forlosning-i-mudder-og-bassdrops-thumb-2400w-q3ngbd.webp,1111950,10,10,paralax-image-2;desktop_thumbnails,https://www.aproposmagazine.com/articles/justice-o-days-festival-total-forlosning-i-mudder-og-bassdrops
https://cdn.prod.website-files.com/67dbf17ba540975b5b21c233/6a2965c56ffddda211055191_webflow%252Fthumb-images%252F2026%252F06%252Fonerepublic-royal-arena-thumb-2400w-7i7q7w.webp,1288026,8,8,paralax-image-2;desktop_thumbnails,https://www.aproposmagazine.com/articles/onerepublic-royal-arena
https://cdn.prod.website-files.com/67dbf17ba540975b5b21c233/6a29660914a0a459fd74b696_webflow%252Fthumb-images%252F2026%252F06%252Fgo-jo-youtube-kaos-og-charme-pa-lille-vega-thumb-2400w-7oeq50.webp,1193994,8,8,paralax-image-2;desktop_thumbnails,https://www.aproposmagazine.com/articles/go-jo-youtube-kaos-og-charme-pa-lille-vega
https://cdn.prod.website-files.com/67dbf17ba540975b5b21c233/6a784b0c211492086dbf5fd0_webflow%252Fthumb-images%252F2026%252F08%252Fnia-archives-o-days-2026-anmeldelse-thumb-2400w-111qia.webp,559692,16,18,desktop_thumbnails;paralax-image-2;hero__bg-img,https://www.aproposmagazine.com/
https://cdn.prod.website-files.com/67dbf17ba540975b5b21c233/6a3a7beecebe300cc6d21fc7_webflow%252Fthumb-images%252F2026%252F06%252Fthe-minds-of-99-pa-heartland-2026-thumb-2400w-1ak40h.webp,610558,14,14,paralax-image-2;desktop_thumbnails,https://www.aproposmagazine.com/articles/the-minds-of-99-pa-heartland-2026
https://cdn.prod.website-files.com/67dbf17ba540975b5b21c233/6a29677da03da981f8bb5617_webflow%252Fthumb-images%252F2026%252F06%252Fteufel-bash-rat-rabende-og-rovcharmerende-i-fuglekvarteret-thumb-2400w-18jcpf.webp,1401600,6,6,paralax-image-2;desktop_thumbnails,https://www.aproposmagazine.com/articles/teufel-bash-rat-rabende-og-rovcharmerende-i-fuglekvarteret
https://cdn.prod.website-files.com/67dbf17ba540975b5b21c233/6a2965dd8e05ef0a1e6412ac_webflow%252Fthumb-images%252F2026%252F06%252Fghost-of-yotei-playstation-5-thumb-2400w-1nc5sn.webp,1039382,8,8,paralax-image-2;desktop_thumbnails,https://www.aproposmagazine.com/articles/ghost-of-yotei-playstation-5
https://cdn.prod.website-files.com/67dbf17ba540975b5b21c233/6a4eaa587f730700c4fe38a5_webflow%252Fthumb-images%252F2026%252F07%252Fdavid-byrne-thumb-2400w-yu9ro4.webp,592594,14,14,paralax-image-2;desktop_thumbnails,https://www.aproposmagazine.com/articles/david-byrne
https://cdn.prod.website-files.com/67dbf17ba540975b5b21c233/6a4eae1d77e4862962a1ac70_webflow%252Fthumb-images%252F2026%252F07%252Fmalk-de-koijn-endnu-en-genopstandelse-pa-orange-thumb-2400w-mrwi0f.webp,586208,14,14,paralax-image-2;desktop_thumbnails,https://www.aproposmagazine.com/articles/malk-de-koijn---endnu-en-genopstandelse-pa-orange
https://cdn.prod.website-files.com/67dbf17ba540975b5b21c233/6a2968029eb5e6b95bd289f7_webflow%252Fthumb-images%252F2026%252F06%252Ffirst-days-pa-roskilde-de-bedste-koncerter-du-kan-hore-for-det-hele-eksploderer-thumb-2400w-su6j47.webp,911478,9,9,paralax-image-2;desktop_thumbnails,https://www.aproposmagazine.com/articles/first-days-pa-roskilde-de-bedste-koncerter-du-kan-hore-for-det-hele-eksploderer
https://cdn.prod.website-files.com/67dbf17ba540975b5b21c233/6a296790a352d5f40133fc36_webflow%252Fthumb-images%252F2026%252F06%252Falt-du-skal-vide-for-du-mister-stemmen-pa-refshaleoen-i-august-thumb-2400w-6ztko2.webp,785640,10,10,paralax-image-2;desktop_thumbnails,https://www.aproposmagazine.com/articles/alt-du-skal-vide-for-du-mister-stemmen-pa-refshaleoen-i-august
https://cdn.prod.website-files.com/67dbf17ba540975b5b21c233/6a296810ebaf84ec0188bf60_webflow%252Fthumb-images%252F2026%252F06%252Ftorsdag-pa-roskilde-festival-2025-seks-navne-der-redder-en-lidt-tynd-dag-thumb-2400w-n9kqpr.webp,865022,9,9,paralax-image-2;desktop_thumbnails,https://www.aproposmagazine.com/articles/torsdag-pa-roskilde-festival-2025-seks-navne-der-redder-en-lidt-tynd-dag
https://cdn.prod.website-files.com/67dbf17ba540975b5b21c233/6a4f655931aa46c031410e13_webflow%252Fthumb-images%252F2026%252F07%252Fmille-pa-roskilde-festival-2026-thumb-2400w-7adek9.webp,536016,14,14,paralax-image-2;desktop_thumbnails,https://www.aproposmagazine.com/articles/mille-pa-roskilde-festival-2026
https://cdn.prod.website-files.com/67dbf17ba540975b5b21c233/6a2966696ffddda21105a8e0_webflow%252Fthumb-images%252F2026%252F06%252Fnine-inch-nails-leverede-intens-og-uforglemmelig-koncertoplevelse-pa-roskilde-festival-202-thumb-2400w-3v92nv.webp,827126,9,9,paralax-image-2;desktop_thumbnails,https://www.aproposmagazine.com/articles/nine-inch-nails-leverede-intens-og-uforglemmelig-koncertoplevelse-pa-roskilde-festival-2025
https://cdn.prod.website-files.com/67dbf17ba540975b5b21c233/6a4f9f002dc40bbe9f12e8da_webflow%252Fthumb-images%252F2026%252F07%252Fclipse-pa-roskilde-festival-2026-thumb-2400w-bstqmd.webp,527106,14,14,paralax-image-2;desktop_thumbnails,https://www.aproposmagazine.com/articles/clipse-pa-roskilde-festival-2026
https://cdn.prod.website-files.com/67dbf17ba540975b5b21c233/6a2966cca352d5f401333055_webflow%252Fthumb-images%252F2026%252F06%252Fgloryhammer-copenhell-riddermetal-med-plastiksvaerd-og-borneshow-energi-thumb-2400w-16plq0.webp,792610,9,9,paralax-image-2;desktop_thumbnails,https://www.aproposmagazine.com/articles/gloryhammer-copenhell-riddermetal-med-plastiksvaerd-og-borneshow-energi
https://cdn.prod.website-files.com/67dbf17ba540975b5b21c233/6a2964bfc787b4e152ce5574_webflow%252Fthumb-images%252F2026%252F06%252Fcopenhell-den-store-apropos-guide-thumb-2400w-sdx8nc.webp,587714,12,12,paralax-image-2;desktop_thumbnails,https://www.aproposmagazine.com/articles/copenhell---den-store-apropos-guide
https://cdn.prod.website-files.com/67dbf17ba540975b5b21c233/6a2965034b9f36b6963a9850_webflow%252Fthumb-images%252F2026%252F06%252Fo-days-2026-guide-thumb-2400w-1izbee.webp,501692,14,14,paralax-image-2;desktop_thumbnails,https://www.aproposmagazine.com/articles/o-days-2026-guide
https://cdn.prod.website-files.com/67dbf17ba540975b5b21c233/6a296637a352d5f40132b16b_webflow%252Fthumb-images%252F2026%252F06%252Fwonderfestiwall-anmeldelse-bornholms-unikke-festivaloplevelse-thumb-2400w-msniqa.webp,699702,10,10,paralax-image-2;desktop_thumbnails,https://www.aproposmagazine.com/articles/wonderfestiwall-anmeldelse-bornholms-unikke-festivaloplevelse
https://cdn.prod.website-files.com/67dbf17ba540975b5b21c233/6a2965a7a03da981f8ba6066_webflow%252Fthumb-images%252F2026%252F06%252Fav-av-av-poolen-refshaleoen-thumb-2400w-192pi9.webp,863304,8,8,paralax-image-2;desktop_thumbnails,https://www.aproposmagazine.com/articles/av-av-av-poolen-refshaleoen
https://cdn.prod.website-files.com/67dbf17ba540975b5b21c233/6a83556c3f3daa9e2d24a26a_webflow%252Fthumb-images%252F2026%252F08%252Fthe-cardigans-wonderfestiwall-anmeldelse-thumb-2400w-ccvno1.webp,567698,12,12,desktop_thumbnails;paralax-image-2,https://www.aproposmagazine.com/
https://cdn.prod.website-files.com/67dbf17ba540975b5b21c233/6a29670babed7ed9d5d82b0e_webflow%252Fthumb-images%252F2026%252F06%252Fwormrot-copenhell-eternal-sunshine-of-the-singaporean-grind-thumb-2400w-2b26h1.webp,755172,9,9,paralax-image-2;desktop_thumbnails,https://www.aproposmagazine.com/articles/wormrot-copenhell-eternal-sunshine-of-the-singaporean-grind
https://cdn.prod.website-files.com/67dbf17ba540975b5b21c233/6a29678791a314dfec6dabd8_webflow%252Fthumb-images%252F2026%252F06%252Fmagicbox-tinderbox-thumb-2400w-162u9c.webp,678452,10,10,paralax-image-2;desktop_thumbnails,https://www.aproposmagazine.com/articles/magicbox-tinderbox
https://cdn.prod.website-files.com/67dbf17ba540975b5b21c233/6a4e9f38f0f320bf1684e24d_6a44f3a0d8e9184c17c0d254_Sk%25C3%25A6rmbillede%25202026-07-01%2520kl.%252012.59.28.png,843213,8,16,mobile_thumb;desktop_thumbnails;paralax-image-mobile;paralax-image-2;mobile_thumbs,https://www.aproposmagazine.com/en
https://cdn.prod.website-files.com/67dbf17ba540975b5b21c233/6a2968466ffddda211065527_webflow%252Fthumb-images%252F2026%252F06%252Fwonderfestiwall-thumb-2400w-104fhj.webp,746682,9,9,paralax-image-2;desktop_thumbnails,https://www.aproposmagazine.com/articles/wonderfestiwall
https://cdn.prod.website-files.com/67dbf17ba540975b5b21c233/6a29688db4a7897a8132e318_webflow%252Fthumb-images%252F2026%252F06%252Fthe-last-of-us-max-nar-kaerlighed-bliver-en-kampplads-thumb-2400w-xcdaz8.webp,659776,10,10,paralax-image-2;desktop_thumbnails,https://www.aproposmagazine.com/articles/the-last-of-us-max-nar-kaerlighed-bliver-en-kampplads
https://cdn.prod.website-files.com/67dbf17ba540975b5b21c233/6a2967376ffddda21106075b_webflow%252Fthumb-images%252F2026%252F06%252Fwe-love-green-thumb-2400w-12b34y.webp,643172,10,10,paralax-image-2;desktop_thumbnails,https://www.aproposmagazine.com/articles/we-love-green
https://cdn.prod.website-files.com/67dbf17ba540975b5b21c233/6a2967c3a352d5f401342faf_webflow%252Fthumb-images%252F2026%252F06%252Fkesi-i-royal-arena-2025-en-krone-pa-dansk-rap-thumb-2400w-rm0yj0.webp,1067254,6,6,paralax-image-2;desktop_thumbnails,https://www.aproposmagazine.com/articles/kesi-i-royal-arena-2025-en-krone-pa-dansk-rap
https://cdn.prod.website-files.com/67dbf17ba540975b5b21c233/6a2966c157c4c1e93165ea34_webflow%252Fthumb-images%252F2026%252F06%252Fmnemic-copenhell-tilbage-med-selvtillid-og-sved-pa-panden-thumb-2400w-d8pog.webp,680020,9,9,paralax-image-2;desktop_thumbnails,https://www.aproposmagazine.com/articles/mnemic-copenhell-tilbage-med-selvtillid-og-sved-pa-panden
https://cdn.prod.website-files.com/67dbf17ba540975b5b21c233/6a296620abed7ed9d5d7f9f7_webflow%252Fthumb-images%252F2026%252F06%252Furo-wonderfestiwall-sol-energi-og-en-suspekt-overraskelse-thumb-2400w-vhv6i8.webp,610676,10,10,paralax-image-2;desktop_thumbnails,https://www.aproposmagazine.com/articles/uro-wonderfestiwall-sol-energi-og-en-suspekt-overraskelse
https://cdn.prod.website-files.com/67dbf17ba540975b5b21c233/6a4e9f4456b51559df723485_6a44f36df8cea21f61784bf3_Sk%25C3%25A6rmbillede%25202026-07-01%2520kl.%252012.59.22.png,868400,7,7,paralax-image-mobile;mobile_thumbs;mobile_thumb,https://www.aproposmagazine.com/en/articles/copenhell-thursday-ai-dystopia-kilts-and-the-worlds-longest-guitar-solo
https://cdn.prod.website-files.com/67dbf17ba540975b5b21c233/6a4e9f4456b51559df723482_6a44f36df8cea21f61784bf3_Sk%25C3%25A6rmbillede%25202026-07-01%2520kl.%252012.59.22.png,868400,7,7,paralax-image-2;desktop_thumbnails,https://www.aproposmagazine.com/en/articles/copenhell-thursday-ai-dystopia-kilts-and-the-worlds-longest-guitar-solo
https://cdn.prod.website-files.com/67dbf17ba540975b5b21c233/6a2968b0a1e62fb9c2f9f799_webflow%252Fthumb-images%252F2026%252F06%252Freacher-saeson-3-thumb-2400w-iwszs3.webp,605274,10,10,paralax-image-2;desktop_thumbnails,https://www.aproposmagazine.com/articles/reacher-saeson-3
https://cdn.prod.website-files.com/67dbf17ba540975b5b21c233/6a2965d30249c48a48a37f15_webflow%252Fthumb-images%252F2026%252F06%252Fanmeldelse-silksong-thumb-2400w-o7qsyv.webp,755972,8,8,paralax-image-2;desktop_thumbnails,https://www.aproposmagazine.com/articles/anmeldelse-silksong
https://cdn.prod.website-files.com/67dbf17ba540975b5b21c233/6a29689e8369333d9023ffc8_webflow%252Fthumb-images%252F2026%252F06%252Fwhite-lotus-saeson-3-paradis-med-tomgang-i-sandet-thumb-2400w-1418pq.webp,591612,10,10,paralax-image-2;desktop_thumbnails,https://www.aproposmagazine.com/articles/white-lotus-saeson-3---paradis-med-tomgang-i-sandet
https://cdn.prod.website-files.com/67dbf17ba540975b5b21c233/6a2968c9c3538b0f5dde22cd_webflow%252Fthumb-images%252F2026%252F06%252Fbaby-reindeer-thumb-2400w-azdvwp.webp,591180,10,10,paralax-image-2;desktop_thumbnails,https://www.aproposmagazine.com/articles/baby-reindeer
https://cdn.prod.website-files.com/67dbf17ba540975b5b21c233/6a3a959041a041229fbc7ab4_webflow%252Fthumb-images%252F2026%252F06%252Flp-pa-heartland-festival-2026-rockstemme-i-30-graders-skygge-thumb-2400w-yv5l83.webp,843276,7,7,paralax-image-2;desktop_thumbnails,https://www.aproposmagazine.com/articles/lp-pa-heartland-festival-2026-rockstemme-i-30-graders-skygge
https://cdn.prod.website-files.com/67dbf17ba540975b5b21c233/6a2967cca352d5f401343448_webflow%252Fthumb-images%252F2026%252F06%252Fspot-festival-dag-1-thumb-2400w-11e41p.webp,590110,10,10,paralax-image-2;desktop_thumbnails,https://www.aproposmagazine.com/articles/spot-festival-dag-1
https://cdn.prod.website-files.com/67dbf17ba540975b5b21c233/6a29681e57e2faa73a1c737f_webflow%252Fthumb-images%252F2026%252F06%252Fapropos-guide-fredag-pa-roskilde-festival-2025-thumb-2400w-1e6hsr.webp,637740,9,9,paralax-image-2;desktop_thumbnails,https://www.aproposmagazine.com/articles/apropos-guide-fredag-pa-roskilde-festival-2025
https://cdn.prod.website-files.com/67dbf17ba540975b5b21c233/6a2968a6ab2480db85c2085b_webflow%252Fthumb-images%252F2026%252F06%252Fthe-boys-saeson-4-thumb-2400w-t3tkf.webp,573318,10,10,paralax-image-2;desktop_thumbnails,https://www.aproposmagazine.com/articles/the-boys-saeson-4
https://cdn.prod.website-files.com/67dbf17ba540975b5b21c233/6a296567c787b4e152cea1b5_webflow%252Fthumb-images%252F2026%252F06%252Fholdo-ideal-bar-thumb-2400w-qcgmhy.webp,705116,8,8,paralax-image-2;desktop_thumbnails,https://www.aproposmagazine.com/articles/holdo-ideal-bar
https://cdn.prod.website-files.com/67dbf17ba540975b5b21c233/6a29651c57e2faa73a1b17c3_webflow%252Fthumb-images%252F2026%252F06%252Fcarl-knast-i-den-gra-hal-anmeldelse-thumb-2400w-1hkdme.webp,553384,10,10,paralax-image-2;desktop_thumbnails,https://www.aproposmagazine.com/articles/carl-knast-i-den-gra-hal---anmeldelse
https://cdn.prod.website-files.com/67dbf17ba540975b5b21c233/6a29669d105fbaf8cae3ed32_webflow%252Fthumb-images%252F2026%252F06%252Flatto-pa-tinderbox-na-men-sa-gik-vi-igen-thumb-2400w-18wiye.webp,614774,9,9,paralax-image-2;desktop_thumbnails,https://www.aproposmagazine.com/articles/latto-pa-tinderbox-na-men-sa-gik-vi-igen
https://cdn.prod.website-files.com/67dbf17ba540975b5b21c233/69f20ab5c017fab53d6cd463_68833e1ad124d1e14ae3f3d9_Screenshot%25202025-07-25%2520at%252010.19.32.png,2743233,2,2,thumb,https://www.aproposmagazine.com/articles/beabadoobee-pa-orange-scene-ro-og-naervaer-under-kirsebaertraeerne
https://cdn.prod.website-files.com/67dbf17ba540975b5b21c233/6a29676b91a314dfec6da29b_webflow%252Fthumb-images%252F2026%252F06%252Fbicep-present-chroma-o-days-2025-en-audiovisuel-eksplosion-langs-havnen-thumb-2400w-a952xe.webp,547040,10,10,paralax-image-2;desktop_thumbnails,https://www.aproposmagazine.com/articles/bicep-present-chroma-o-days-2025-en-audiovisuel-eksplosion-langs-havnen
https://cdn.prod.website-files.com/67dbf17ba540975b5b21c233/6a2966b7fce6074f603acd8c_webflow%252Fthumb-images%252F2026%252F06%252Fthe-streets-tinderbox-thumb-2400w-bxesgs.webp,603992,9,9,paralax-image-2;desktop_thumbnails,https://www.aproposmagazine.com/articles/the-streets-tinderbox
https://cdn.prod.website-files.com/67dbf17ba540975b5b21c233/6a2966d993e5dd156d6224ad_webflow%252Fthumb-images%252F2026%252F06%252Fanmeldelse-af-bullet-for-my-valentine-copenhell-cringe-metal-med-stadionattitude-thumb-2400w-10sx18.webp,603128,9,9,paralax-image-2;desktop_thumbnails,https://www.aproposmagazine.com/articles/anmeldelse-af-bullet-for-my-valentine-copenhell-cringe-metal-med-stadionattitude
https://cdn.prod.website-files.com/67dbf17ba540975b5b21c233/6a296629f6bb2303891eccb3_webflow%252Fthumb-images%252F2026%252F06%252Fanastasia-fylder-scenen-stort-men-ikke-helt-os-thumb-2400w-1405ni.webp,539010,10,10,paralax-image-2;desktop_thumbnails,https://www.aproposmagazine.com/articles/anastasia-fylder-scenen---stort-men-ikke-helt-os
https://cdn.prod.website-files.com/67dbf17ba540975b5b21c233/6a29667068b3f1f348654a31_webflow%252Fthumb-images%252F2026%252F06%252Fkenny-pa-orange-scene-stort-show-masser-af-dansere-og-en-smule-forvirrende-koncept-thumb-2400w-19ep2d.webp,597662,9,9,paralax-image-2;desktop_thumbnails,https://www.aproposmagazine.com/articles/kenny-pa-orange-scene---stort-show-masser-af-dansere-og-en-smule-forvirrende-koncept
https://cdn.prod.website-files.com/67dbf17ba540975b5b21c233/6a296895aebee7f3610689b0_webflow%252Fthumb-images%252F2026%252F06%252Fsurface-apple-tv-nar-din-identitet-er-det-eneste-du-ikke-ejer-thumb-2400w-s4ptw6.webp,537834,10,10,paralax-image-2;desktop_thumbnails,https://www.aproposmagazine.com/articles/surface-apple-tv---nar-din-identitet-er-det-eneste-du-ikke-ejer
https://cdn.prod.website-files.com/67dbf17ba540975b5b21c233/6a29683a57e2faa73a1c8353_webflow%252Fthumb-images%252F2026%252F06%252Flordag-pa-roskilde-tiktok-dronninger-og-deprimeret-onkelrock-thumb-2400w-sn7qe2.webp,591320,9,9,paralax-image-2;desktop_thumbnails,https://www.aproposmagazine.com/articles/lordag-pa-roskilde-tiktok-dronninger-og-deprimeret-onkelrock
https://cdn.prod.website-files.com/67dbf17ba540975b5b21c233/6a2968840f113d0218e57e5c_webflow%252Fthumb-images%252F2026%252F06%252Foutlander-netflix-saeson-7-tiden-laeger-ikke-alle-sar-men-den-abner-dem-smukt-thumb-2400w-o117l2.webp,528848,10,10,paralax-image-2;desktop_thumbnails,https://www.aproposmagazine.com/articles/outlander-netflix-saeson-7-tiden-laeger-ikke-alle-sar-men-den-abner-dem-smukt
https://cdn.prod.website-files.com/67dbf17ba540975b5b21c233/6a2965518e05ef0a1e63a6eb_webflow%252Fthumb-images%252F2026%252F06%252Fmario-tennis-server-igen-thumb-2400w-a8uqen.webp,583668,9,9,paralax-image-2;desktop_thumbnails,https://www.aproposmagazine.com/articles/mario-tennis-server-igen
https://cdn.prod.website-files.com/67dbf17ba540975b5b21c233/6a296908105fbaf8cae53d63_webflow%252Fthumb-images%252F2026%252F06%252Fthe-studio-thumb-2400w-1drsfn.webp,517108,10,10,paralax-image-2;desktop_thumbnails,https://www.aproposmagazine.com/articles/the-studio
https://cdn.prod.website-files.com/67dbf17ba540975b5b21c233/6a29667daebee7f361055aa0_webflow%252Fthumb-images%252F2026%252F06%252Felectric-callboy-pa-roskilde-hypet-show-med-akavet-miks-og-udefinerbar-energi-thumb-2400w-tqxv4z.webp,574152,9,9,paralax-image-2;desktop_thumbnails,https://www.aproposmagazine.com/articles/electric-callboy-pa-roskilde---hypet-show-med-akavet-miks-og-udefinerbar-energi
https://cdn.prod.website-files.com/67dbf17ba540975b5b21c233/6a29669557e2faa73a1bcd13_webflow%252Fthumb-images%252F2026%252F06%252Fmagicbox-pa-tinderbox-en-festival-i-festivalen-thumb-2400w-1mals3.webp,571824,9,9,paralax-image-2;desktop_thumbnails,https://www.aproposmagazine.com/articles/magicbox-pa-tinderbox-en-festival-i-festivalen
https://cdn.prod.website-files.com/67dbf17ba540975b5b21c233/6a2967df105fbaf8cae47044_webflow%252Fthumb-images%252F2026%252F06%252Fbillie-eilish-i-royal-arena-thumb-2400w-12wkvj.webp,843736,6,6,paralax-image-2;desktop_thumbnails,https://www.aproposmagazine.com/articles/billie-eilish-i-royal-arena
https://cdn.prod.website-files.com/67dbf17ba540975b5b21c233/6a29682b5f1a2e828db5e0e0_webflow%252Fthumb-images%252F2026%252F06%252Fhvem-skal-du-se-onsdag-pa-roskilde-thumb-2400w-1n9uxb.webp,558932,9,9,paralax-image-2;desktop_thumbnails,https://www.aproposmagazine.com/articles/hvem-skal-du-se-onsdag-pa-roskilde
https://cdn.prod.website-files.com/67dbf17ba540975b5b21c233/6a2966eea352d5f4013353da_webflow%252Fthumb-images%252F2026%252F06%252Fskunk-anansie-copenhell-90ernes-vrede-vendte-hjem-og-fik-publikum-til-at-skrige-med-thumb-2400w-vsgq32.webp,557056,9,9,paralax-image-2;desktop_thumbnails,https://www.aproposmagazine.com/articles/skunk-anansie-copenhell-90ernes-vrede-vendte-hjem---og-fik-publikum-til-at-skrige-med
https://cdn.prod.website-files.com/67dbf17ba540975b5b21c233/6a29650a2851ec57d6ca6ee1_webflow%252Fthumb-images%252F2026%252F06%252Fsammy-virji-i-poolen-thumb-2400w-u1xjth.webp,609874,8,8,paralax-image-2;desktop_thumbnails,https://www.aproposmagazine.com/articles/sammy-virji-i-poolen
https://cdn.prod.website-files.com/67dbf17ba540975b5b21c233/6a2964cae41d7a8f4fe48092_webflow%252Fthumb-images%252F2026%252F06%252Ffarveblind-micro-pleasures-sma-glaeder-stor-odelaeggelse-thumb-2400w-1s2r3q.webp,593734,8,8,paralax-image-2;desktop_thumbnails,https://www.aproposmagazine.com/articles/farveblind---micro-pleasures-sma-glaeder-stor-odelaeggelse
https://cdn.prod.website-files.com/67dbf17ba540975b5b21c233/6a4eb0fd3c8bc97bc7e50e2b_A_169_editorial_illustration_o_Nano_Banana_Pro_14917.jpeg,670471,7,14,paralax-image-mobile;paralax-image-2;mobile_thumbs;desktop_thumbnails;mobile_thumb,https://www.aproposmagazine.com/en/articles/gorillaz-at-roskilde-festival-2026
https://cdn.prod.website-files.com/67dbf17ba540975b5b21c233/6a296599450a7b18e267cf75_webflow%252Fthumb-images%252F2026%252F06%252Ftak-for-turen-nak-aed-thumb-2400w-1mirjp.webp,583714,8,8,paralax-image-2;desktop_thumbnails,https://www.aproposmagazine.com/articles/tak-for-turen-nak-aed
https://cdn.prod.website-files.com/67dbf17ba540975b5b21c233/6a2967ebfce6074f603b52eb_webflow%252Fthumb-images%252F2026%252F06%252Ftinderbox-2025-thumb-2400w-u0x0jj.webp,512280,9,9,paralax-image-2;desktop_thumbnails,https://www.aproposmagazine.com/articles/tinderbox-2025
https://cdn.prod.website-files.com/67dbf17ba540975b5b21c233/6a29654868b3f1f348643c93_webflow%252Fthumb-images%252F2026%252F06%252Fjason-derulo-fra-taknemmelighed-til-vulkansk-eksplosion-thumb-2400w-bx8xgk.webp,570532,8,8,paralax-image-2;desktop_thumbnails,https://www.aproposmagazine.com/articles/jason-derulo-fra-taknemmelighed-til-vulkansk-eksplosion
https://cdn.prod.website-files.com/67dbf17ba540975b5b21c233/6a29675391a314dfec6d8c40_webflow%252Fthumb-images%252F2026%252F06%252Fvi-elsker-rodovre-90er-nostalgi-politi-selfies-og-et-gearkasseshow-man-ikke-glemmer-thumb-2400w-1ww6ip.webp,561410,8,8,paralax-image-2;desktop_thumbnails,https://www.aproposmagazine.com/articles/vi-elsker-rodovre-90er-nostalgi-politi-selfies-og-et-gearkasseshow-man-ikke-glemmer
https://cdn.prod.website-files.com/67dbf17ba540975b5b21c233/6a2968c2b4a7897a81330a54_webflow%252Fthumb-images%252F2026%252F06%252Fhvornar-blev-vi-enige-om-thumb-2400w-1ruvo9.webp,747060,6,6,paralax-image-2;desktop_thumbnails,https://www.aproposmagazine.com/articles/hvornar-blev-vi-enige-om
https://cdn.prod.website-files.com/67dbf17ba540975b5b21c233/6a2965b99eb5e6b95bd0dda4_webflow%252Fthumb-images%252F2026%252F06%252Fdeathloop-thumb-2400w-824hqb.webp,547134,8,8,paralax-image-2;desktop_thumbnails,https://www.aproposmagazine.com/articles/deathloop
https://cdn.prod.website-files.com/67dbf17ba540975b5b21c233/6a296764aebee7f36105e905_webflow%252Fthumb-images%252F2026%252F06%252Faphaca-live-i-vega-som-at-fa-hjertekamrene-abnet-indefra-thumb-2400w-1ob1h6.webp,727144,6,6,paralax-image-2;desktop_thumbnails,https://www.aproposmagazine.com/articles/aphaca-live-i-vega-som-at-fa-hjertekamrene-abnet-indefra
https://cdn.prod.website-files.com/67dbf17ba540975b5b21c233/6a29655c4b9f36b6963aaea3_webflow%252Fthumb-images%252F2026%252F06%252Falter-bridge-i-kb-hallen-solid-rock-uden-undskyldninger-thumb-2400w-yuhmen.webp,528090,8,8,paralax-image-2;desktop_thumbnails,https://www.aproposmagazine.com/articles/alter-bridge-i-kb-hallen-solid-rock-uden-undskyldninger
https://cdn.prod.website-files.com/67dbf17ba540975b5b21c233/6a86db6d190f06456b131281_webflow%252Fthumb-images%252F2026%252F08%252Fsoulfly-i-lille-vega-thumb-2400w-seg4fr.webp,524010,8,8,desktop_thumbnails;paralax-image-2,https://www.aproposmagazine.com/
https://cdn.prod.website-files.com/67dbf17ba540975b5b21c233/6a761d16044f2c9dd5263fb8_6a761c717850ad87f04834c3_Apropos_Magazine_Disclosure3.jpeg,1983543,2,2,thumb,https://www.aproposmagazine.com/articles/disclosure-o-days-2026-anmeldelse
https://cdn.prod.website-files.com/67dbf17ba540975b5b21c233/6a29692a42e951774669c02c_webflow%252Fthumb-images%252F2026%252F06%252Fer-tiktok-den-nye-litteraere-avantgarde-thumb-2400w-1sit5t.webp,607392,6,6,paralax-image-2;desktop_thumbnails,https://www.aproposmagazine.com/articles/er-tiktok-den-nye-litteraere-avantgarde
https://cdn.prod.website-files.com/67dbf17ba540975b5b21c233/6a2966169eb5e6b95bd0fc1f_webflow%252Fthumb-images%252F2026%252F06%252Fmudder-smerte-og-ocd-der-ikke-hjaelper-thumb-2400w-96d4ho.webp,601618,6,6,paralax-image-2;desktop_thumbnails,https://www.aproposmagazine.com/articles/mudder-smerte-og-ocd-der-ikke-hjaelper
https://cdn.prod.website-files.com/67dbf17ba540975b5b21c233/6a296901b4a7897a8133363d_webflow%252Fthumb-images%252F2026%252F06%252Friff-raff-thumb-2400w-1sn58a.webp,596302,6,6,paralax-image-2;desktop_thumbnails,https://www.aproposmagazine.com/articles/riff-raff
https://cdn.prod.website-files.com/67dbf17ba540975b5b21c233/6a29671b0249c48a48a42e62_webflow%252Fthumb-images%252F2026%252F06%252Fdu-sa-how-to-train-your-dragon-i-imax-og-maerkede-vinden-under-vingerne-thumb-2400w-1ld8i7.webp,590400,6,6,paralax-image-2;desktop_thumbnails,https://www.aproposmagazine.com/articles/du-sa-how-to-train-your-dragon-i-imax-og-maerkede-vinden-under-vingerne
https://cdn.prod.website-files.com/67dbf17ba540975b5b21c233/6a29651357e2faa73a1b1427_webflow%252Fthumb-images%252F2026%252F06%252Fmonarch-legacy-of-monsters-season-2-thumb-2400w-14m7a8.webp,583024,6,6,paralax-image-2;desktop_thumbnails,https://www.aproposmagazine.com/articles/monarch-legacy-of-monsters-season-2
https://cdn.prod.website-files.com/67dbf17ba540975b5b21c233/6a2965f14b9f36b6963acc9f_webflow%252Fthumb-images%252F2026%252F06%252Fnordic-race-2025-refshaleoen-thumb-2400w-hl7790.webp,580334,6,6,paralax-image-2;desktop_thumbnails,https://www.aproposmagazine.com/articles/nordic-race-2025-refshaleoen
https://cdn.prod.website-files.com/67dbf17ba540975b5b21c233/6a29674117d12c7db29765c6_webflow%252Fthumb-images%252F2026%252F06%252Fmew-royal-arena-farvel-til-fremtiden-et-punktum-med-stjernestov-efter-30-ar-thumb-2400w-1o9vl3.webp,552176,6,6,paralax-image-2;desktop_thumbnails,https://www.aproposmagazine.com/articles/mew-royal-arena-farvel-til-fremtiden---et-punktum-med-stjernestov-efter-30-ar
https://cdn.prod.website-files.com/67dbf17ba540975b5b21c233/6a29674b450a7b18e268f5f1_webflow%252Fthumb-images%252F2026%252F06%252Fthe-brian-jonestown-massacre-amager-bio-en-stojfest-for-de-indviede-thumb-2400w-1pfn17.webp,538336,6,6,paralax-image-2;desktop_thumbnails,https://www.aproposmagazine.com/articles/the-brian-jonestown-massacre-amager-bio-en-stojfest-for-de-indviede
https://cdn.prod.website-files.com/67dbf17ba540975b5b21c233/6a2964a75d0faf85971b68ce_webflow%252Fthumb-images%252F2026%252F06%252Fdistortion-fredag-thumb-2400w-gii9y.webp,534350,6,6,desktop_thumbnails;paralax-image-2,https://www.aproposmagazine.com/
https://cdn.prod.website-files.com/67dbf17ba540975b5b21c233/6a29690d6f024d987044f00f_webflow%252Fthumb-images%252F2026%252F06%252Fshowbizz-politik-som-musical-tro-som-replik-thumb-2400w-1q4on6.webp,534296,6,6,paralax-image-2;desktop_thumbnails,https://www.aproposmagazine.com/articles/showbizz-politik-som-musical-tro-som-replik
https://cdn.prod.website-files.com/67dbf17ba540975b5b21c233/6a8d98dfd443a504b6913fb1_webflow%252Fthumb-images%252F2026%252F08%252Fmarvel-tokon-fighting-souls-anmeldelse-thumb-2400w-123641.webp,519330,6,6,desktop_thumb;desktop_thumbnails,https://www.aproposmagazine.com/
https://cdn.prod.website-files.com/67dbf17ba540975b5b21c233/6a2964e4a03da981f8b9dc64_webflow%252Fthumb-images%252F2026%252F06%252Fanmeldelse-dtf-st-louis-thumb-2400w-1x9u17.webp,602048,5,5,paralax-image-2;desktop_thumbnails,https://www.aproposmagazine.com/articles/anmeldelse-dtf-st-louis
https://cdn.prod.website-files.com/67dbf17ba540975b5b21c233/6a296853a20b1281dc14ac6d_webflow%252Fthumb-images%252F2026%252F06%252Fmew-the-war-on-drugs-lunden-2024-en-dobbeltkoncert-i-drommens-favntag-thumb-2400w-184jnn.webp,544520,5,5,paralax-image-2;desktop_thumbnails,https://www.aproposmagazine.com/articles/mew-the-war-on-drugs-lunden-2024-en-dobbeltkoncert-i-drommens-favntag
https://cdn.prod.website-files.com/67dbf17ba540975b5b21c233/6a29653668b3f1f348642d74_webflow%252Fthumb-images%252F2026%252F06%252Fbeatets-hemmelighed-eros-ramazotti-i-royal-arena-thumb-2400w-19s9r4.webp,614016,4,4,paralax-image-2;desktop_thumbnails,https://www.aproposmagazine.com/articles/beatets-hemmelighed-eros-ramazotti-i-royal-arena
https://cdn.prod.website-files.com/67dbf17ba540975b5b21c233/69f20a795a63bb7d7cd9495f_69048eb63737b843949e76e8_OD01.webp,1213814,2,2,thumb,https://www.aproposmagazine.com/articles/onerepublic-royal-arena
https://cdn.prod.website-files.com/67dbf17ba540975b5b21c233/6a33e76069125e7025fd8108_webflow%252Fthumb-images%252F2026%252F06%252Fthe-death-of-robin-hood-review-thumb-2400w-hw4vzp.webp,597852,4,4,paralax-image-2;desktop_thumbnails,https://www.aproposmagazine.com/articles/the-death-of-robin-hood-review
https://cdn.prod.website-files.com/67dbf17ba540975b5b21c233/6a29686c0065400d18554683_webflow%252Fthumb-images%252F2026%252F06%252Fandreas-odbjerg-i-royal-arena-en-popfabrik-med-hjerte-og-humor-thumb-2400w-kqhxp1.webp,598512,3,3,paralax-image-2;desktop_thumbnails,https://www.aproposmagazine.com/articles/andreas-odbjerg-i-royal-arena---en-popfabrik-med-hjerte-og-humor
https://cdn.prod.website-files.com/67dbf17ba540975b5b21c233/6a29687da352d5f40134c667_webflow%252Fthumb-images%252F2026%252F06%252Fd-a-d-i-forum-en-halvvissen-fredag-med-hojt-har-og-tunge-riffs-thumb-2400w-b6ammx.webp,591938,3,3,paralax-image-2;desktop_thumbnails,https://www.aproposmagazine.com/articles/d-a-d-i-forum-en-halvvissen-fredag-med-hojt-har-og-tunge-riffs
https://cdn.prod.website-files.com/67dbf17ba540975b5b21c233/6a296864a352d5f40134ba3d_webflow%252Fthumb-images%252F2026%252F06%252Fsilvana-imam-i-lille-vega-en-kompromislos-koncert-med-kraft-og-kaerlighed-thumb-2400w-bqxdqv.webp,587228,3,3,paralax-image-2;desktop_thumbnails,https://www.aproposmagazine.com/articles/silvana-imam-i-lille-vega-en-kompromislos-koncert-med-kraft-og-kaerlighed
https://cdn.prod.website-files.com/67dbf17ba540975b5b21c233/6a29685c9eb5e6b95bd2d2e0_webflow%252Fthumb-images%252F2026%252F06%252Ftremonti-i-store-vega-2025-en-guitarmand-star-ved-sit-kors-thumb-2400w-1k5pao.webp,546590,3,3,paralax-image-2;desktop_thumbnails,https://www.aproposmagazine.com/articles/tremonti-i-store-vega-2025-en-guitarmand-star-ved-sit-kors
https://cdn.prod.website-files.com/67dbf17ba540975b5b21c233/6a2968f56545fcf49569cb77_webflow%252Fthumb-images%252F2026%252F06%252Fmo-det-gyldne-mellem-punk-og-pop-thumb-2400w-wv44hh.webp,735834,2,2,paralax-image-2,https://www.aproposmagazine.com/articles/mo-det-gyldne-mellem-punk-og-pop
https://cdn.prod.website-files.com/67dbf17ba540975b5b21c233/6a2968e39eb5e6b95bd33084_webflow%252Fthumb-images%252F2026%252F06%252Fbenny-jamz-x-danmarks-underholdningsorkester-red-bull-symphonic-thumb-2400w-1rmvgc.webp,571170,2,2,paralax-image-2,https://www.aproposmagazine.com/articles/benny-jamz-x-danmarks-underholdningsorkester---red-bull-symphonic
https://cdn.prod.website-files.com/67dbf17ba540975b5b21c233/6a2969156ffddda21106dab4_webflow%252Fthumb-images%252F2026%252F06%252Flenny-kravitz-i-royal-arena-thumb-2400w-1ukwds.webp,568106,2,2,paralax-image-2,https://www.aproposmagazine.com/articles/lenny-kravitz-i-royal-arena
https://cdn.prod.website-files.com/67dbf17ba540975b5b21c233/6a2968dcb4a7897a8133161d_webflow%252Fthumb-images%252F2026%252F06%252Fguldimund-heartland-at-noma-nar-trompeten-traekker-tarer-thumb-2400w-1ctwq2.webp,563272,2,2,paralax-image-2,https://www.aproposmagazine.com/articles/guldimund-heartland-at-noma-nar-trompeten-traekker-tarer
https://cdn.prod.website-files.com/67dbf17ba540975b5b21c233/6a29691d6f024d987044f9bc_webflow%252Fthumb-images%252F2026%252F06%252Femma-sehested-hoeg-i-dr-koncerthuset-thumb-2400w-uapk0c.webp,561250,2,2,paralax-image-2,https://www.aproposmagazine.com/articles/emma-sehested-hoeg-i-dr-koncerthuset
